metric,unit,model,phase,category,value,source_type,evidence,status,notes
Business case / relevance (1 line),text,Nano-MoE-Jax,Prefill,not_config_verifiable,Minimal synthetic MoE for REDEFINE RTL dispatch verification; golden-ref for cycle-accurate sim,ai_sheet_unverified,not derivable from config-only verification,unverified_source_value,source=assumed (golden-ref)
Business case / relevance (1 line),text,Nano-MoE-Jax,Decode,not_config_verifiable,Minimal synthetic MoE for REDEFINE RTL dispatch verification; golden-ref for cycle-accurate sim,ai_sheet_unverified,not derivable from config-only verification,unverified_source_value,source=assumed (golden-ref)
Business case / relevance (1 line),text,OLMoE-1B-7B,Prefill,not_config_verifiable,Production 64-expert MoE (batch=32 ensures cold experts fire); benchmarks REDEFINE dynamic dispatch,ai_sheet_unverified,not derivable from config-only verification,unverified_source_value,source=OLMoE paper/HF config
Business case / relevance (1 line),text,OLMoE-1B-7B,Decode,not_config_verifiable,Production 64-expert MoE (batch=32 ensures cold experts fire); benchmarks REDEFINE dynamic dispatch,ai_sheet_unverified,not derivable from config-only verification,unverified_source_value,source=OLMoE paper/HF config
Business case / relevance (1 line),text,Deepseek-V3,Prefill,not_config_verifiable,SOTA 671B/37B-active MoE; validates REDEFINE dispatch at 256-expert scale with MLA compressed KV,ai_sheet_unverified,not derivable from config-only verification,unverified_source_value,source=DeepSeek-V3 report
Business case / relevance (1 line),text,Deepseek-V3,Decode,not_config_verifiable,SOTA 671B/37B-active MoE; validates REDEFINE dispatch at 256-expert scale with MLA compressed KV,ai_sheet_unverified,not derivable from config-only verification,unverified_source_value,source=DeepSeek-V3 report
Batch size,count,Nano-MoE-Jax,Prefill,not_config_verifiable,1,sheet_operating_point,"operating point chosen by spreadsheet, not model config",assumption,source=assumed (golden-ref)
Batch size,count,Nano-MoE-Jax,Decode,not_config_verifiable,1,sheet_operating_point,"operating point chosen by spreadsheet, not model config",assumption,source=assumed (golden-ref)
Batch size,count,OLMoE-1B-7B,Prefill,not_config_verifiable,32,sheet_operating_point,"operating point chosen by spreadsheet, not model config",assumption,source=OLMoE paper/HF config
Batch size,count,OLMoE-1B-7B,Decode,not_config_verifiable,32,sheet_operating_point,"operating point chosen by spreadsheet, not model config",assumption,source=OLMoE paper/HF config
Batch size,count,Deepseek-V3,Prefill,not_config_verifiable,32,sheet_operating_point,"operating point chosen by spreadsheet, not model config",assumption,source=DeepSeek-V3 report
Batch size,count,Deepseek-V3,Decode,not_config_verifiable,32,sheet_operating_point,"operating point chosen by spreadsheet, not model config",assumption,source=DeepSeek-V3 report
Sequence length (prompt),tokens,Nano-MoE-Jax,Prefill,not_config_verifiable,128,sheet_operating_point,"operating point chosen by spreadsheet, not model config",assumption,source=assumed (golden-ref)
Sequence length (prompt),tokens,Nano-MoE-Jax,Decode,not_config_verifiable,512,sheet_operating_point,"operating point chosen by spreadsheet, not model config",assumption,source=assumed (golden-ref)
Sequence length (prompt),tokens,OLMoE-1B-7B,Prefill,not_config_verifiable,512,sheet_operating_point,"operating point chosen by spreadsheet, not model config",assumption,source=OLMoE paper/HF config
Sequence length (prompt),tokens,OLMoE-1B-7B,Decode,not_config_verifiable,2048,sheet_operating_point,"operating point chosen by spreadsheet, not model config",assumption,source=OLMoE paper/HF config
Sequence length (prompt),tokens,Deepseek-V3,Prefill,not_config_verifiable,1024,sheet_operating_point,"operating point chosen by spreadsheet, not model config",assumption,source=DeepSeek-V3 report
Sequence length (prompt),tokens,Deepseek-V3,Decode,not_config_verifiable,4096,sheet_operating_point,"operating point chosen by spreadsheet, not model config",assumption,source=DeepSeek-V3 report
Context length (Key-Value),tokens,Nano-MoE-Jax,Prefill,not_config_verifiable,512,sheet_operating_point,"operating point chosen by spreadsheet, not model config",assumption,source=assumed (golden-ref)
Context length (Key-Value),tokens,Nano-MoE-Jax,Decode,not_config_verifiable,512,sheet_operating_point,"operating point chosen by spreadsheet, not model config",assumption,source=assumed (golden-ref)
Context length (Key-Value),tokens,OLMoE-1B-7B,Prefill,not_config_verifiable,2048,sheet_operating_point,"operating point chosen by spreadsheet, not model config",assumption,source=OLMoE paper/HF config
Context length (Key-Value),tokens,OLMoE-1B-7B,Decode,not_config_verifiable,2048,sheet_operating_point,"operating point chosen by spreadsheet, not model config",assumption,source=OLMoE paper/HF config
Context length (Key-Value),tokens,Deepseek-V3,Prefill,not_config_verifiable,4096,sheet_operating_point,"operating point chosen by spreadsheet, not model config",assumption,source=DeepSeek-V3 report
Context length (Key-Value),tokens,Deepseek-V3,Decode,not_config_verifiable,4096,sheet_operating_point,"operating point chosen by spreadsheet, not model config",assumption,source=DeepSeek-V3 report
Total parameters,billions,Nano-MoE-Jax,Prefill,formula,0.00244339,computed_from_config,parameter_count / 1e9; parameter_count = embeddings + decoder projections + experts + lm_head,mismatch,sheet_value=0.00236; sheet_source=assumed (golden-ref); config_source=Nano-MoE-JAX public default config; unit=billions
Total parameters,billions,Nano-MoE-Jax,Decode,formula,0.00244339,computed_from_config,parameter_count / 1e9; parameter_count = embeddings + decoder projections + experts + lm_head,mismatch,sheet_value=0.00236; sheet_source=assumed (golden-ref); config_source=Nano-MoE-JAX public default config; unit=billions
Total parameters,billions,OLMoE-1B-7B,Prefill,formula,6.91903,computed_from_config,parameter_count / 1e9; parameter_count = embeddings + decoder projections + experts + lm_head,mismatch,sheet_value=6.747; sheet_source=OLMoE paper/HF config; config_source=huggingface:allenai/OLMoE-1B-7B-0125@main; unit=billions
Total parameters,billions,OLMoE-1B-7B,Decode,formula,6.91903,computed_from_config,parameter_count / 1e9; parameter_count = embeddings + decoder projections + experts + lm_head,mismatch,sheet_value=6.747; sheet_source=OLMoE paper/HF config; config_source=huggingface:allenai/OLMoE-1B-7B-0125@main; unit=billions
Total parameters,billions,Deepseek-V3,Prefill,formula,671.025,computed_from_config,parameter_count / 1e9; parameter_count = embeddings + decoder projections + experts + lm_head,mismatch,sheet_value=670; sheet_source=DeepSeek-V3 report; config_source=huggingface:deepseek-ai/DeepSeek-V3@main; unit=billions
Total parameters,billions,Deepseek-V3,Decode,formula,671.025,computed_from_config,parameter_count / 1e9; parameter_count = embeddings + decoder projections + experts + lm_head,mismatch,sheet_value=670; sheet_source=DeepSeek-V3 report; config_source=huggingface:deepseek-ai/DeepSeek-V3@main; unit=billions
Active parameters per token,billions,Nano-MoE-Jax,Prefill,formula,0.0013783,computed_from_config,active_parameter_count / 1e9; active weights = attention/dense/shared weights + top-k routed experts + lm_head,mismatch,sheet_value=0.00075; sheet_source=computed; config_source=Nano-MoE-JAX public default config; unit=billions
Active parameters per token,billions,Nano-MoE-Jax,Decode,formula,0.0013783,computed_from_config,active_parameter_count / 1e9; active weights = attention/dense/shared weights + top-k routed experts + lm_head,mismatch,sheet_value=0.00075; sheet_source=computed; config_source=Nano-MoE-JAX public default config; unit=billions
Active parameters per token,billions,OLMoE-1B-7B,Prefill,formula,1.28188,computed_from_config,active_parameter_count / 1e9; active weights = attention/dense/shared weights + top-k routed experts + lm_head,mismatch,sheet_value=1.007; sheet_source=computed; config_source=huggingface:allenai/OLMoE-1B-7B-0125@main; unit=billions
Active parameters per token,billions,OLMoE-1B-7B,Decode,formula,1.28188,computed_from_config,active_parameter_count / 1e9; active weights = attention/dense/shared weights + top-k routed experts + lm_head,mismatch,sheet_value=1.007; sheet_source=computed; config_source=huggingface:allenai/OLMoE-1B-7B-0125@main; unit=billions
Active parameters per token,billions,Deepseek-V3,Prefill,formula,37.5513,computed_from_config,active_parameter_count / 1e9; active weights = attention/dense/shared weights + top-k routed experts + lm_head,mismatch,sheet_value=35.3; sheet_source=computed; config_source=huggingface:deepseek-ai/DeepSeek-V3@main; unit=billions
Active parameters per token,billions,Deepseek-V3,Decode,formula,37.5513,computed_from_config,active_parameter_count / 1e9; active weights = attention/dense/shared weights + top-k routed experts + lm_head,mismatch,sheet_value=35.3; sheet_source=computed; config_source=huggingface:deepseek-ai/DeepSeek-V3@main; unit=billions
Layers,count,Nano-MoE-Jax,Prefill,config,4,config,n_layers,match,config_source=Nano-MoE-JAX public default config
Layers,count,Nano-MoE-Jax,Decode,config,4,config,n_layers,match,config_source=Nano-MoE-JAX public default config
Layers,count,OLMoE-1B-7B,Prefill,config,16,config,num_hidden_layers,match,config_source=huggingface:allenai/OLMoE-1B-7B-0125@main
Layers,count,OLMoE-1B-7B,Decode,config,16,config,num_hidden_layers,match,config_source=huggingface:allenai/OLMoE-1B-7B-0125@main
Layers,count,Deepseek-V3,Prefill,config,61,config,num_hidden_layers,match,config_source=huggingface:deepseek-ai/DeepSeek-V3@main
Layers,count,Deepseek-V3,Decode,config,61,config,num_hidden_layers,match,config_source=huggingface:deepseek-ai/DeepSeek-V3@main
Hidden dimension,dim,Nano-MoE-Jax,Prefill,config,128,config,d_model,match,config_source=Nano-MoE-JAX public default config
Hidden dimension,dim,Nano-MoE-Jax,Decode,config,128,config,d_model,match,config_source=Nano-MoE-JAX public default config
Hidden dimension,dim,OLMoE-1B-7B,Prefill,config,2048,config,hidden_size,match,config_source=huggingface:allenai/OLMoE-1B-7B-0125@main
Hidden dimension,dim,OLMoE-1B-7B,Decode,config,2048,config,hidden_size,match,config_source=huggingface:allenai/OLMoE-1B-7B-0125@main
Hidden dimension,dim,Deepseek-V3,Prefill,config,7168,config,hidden_size,match,config_source=huggingface:deepseek-ai/DeepSeek-V3@main
Hidden dimension,dim,Deepseek-V3,Decode,config,7168,config,hidden_size,match,config_source=huggingface:deepseek-ai/DeepSeek-V3@main
Feedforward dimension (dense),dim,Nano-MoE-Jax,Prefill,config,N/A (MoE only),config,"architecture has MoE block, no dense FFN stack",match,config_source=Nano-MoE-JAX public default config
Feedforward dimension (dense),dim,Nano-MoE-Jax,Decode,config,N/A (MoE only),config,"architecture has MoE block, no dense FFN stack",match,config_source=Nano-MoE-JAX public default config
Feedforward dimension (dense),dim,OLMoE-1B-7B,Prefill,config,N/A (MoE only),config,"architecture has MoE block, no dense FFN stack",match,config_source=huggingface:allenai/OLMoE-1B-7B-0125@main
Feedforward dimension (dense),dim,OLMoE-1B-7B,Decode,config,N/A (MoE only),config,"architecture has MoE block, no dense FFN stack",match,config_source=huggingface:allenai/OLMoE-1B-7B-0125@main
Feedforward dimension (dense),dim,Deepseek-V3,Prefill,config,18432 (first 3 layers only),config,intermediate_size + first_k_dense_replace,match,config_source=huggingface:deepseek-ai/DeepSeek-V3@main
Feedforward dimension (dense),dim,Deepseek-V3,Decode,config,18432 (first 3 layers only),config,intermediate_size + first_k_dense_replace,match,config_source=huggingface:deepseek-ai/DeepSeek-V3@main
Attention: heads / head dim / Key-Value heads,counts,Nano-MoE-Jax,Prefill,config,4 / 32 / 4,config,"n_heads, d_model",mismatch,sheet_value=8 / 16 / 8; sheet_source=assumed (golden-ref); config_source=Nano-MoE-JAX public default config
Attention: heads / head dim / Key-Value heads,counts,Nano-MoE-Jax,Decode,config,4 / 32 / 4,config,"n_heads, d_model",mismatch,sheet_value=8 / 16 / 8; sheet_source=assumed (golden-ref); config_source=Nano-MoE-JAX public default config
Attention: heads / head dim / Key-Value heads,counts,OLMoE-1B-7B,Prefill,config,16 / 128 / 16,config,"num_attention_heads, hidden_size, num_key_value_heads",mismatch,sheet_value=16 / 128 / 8 (GQA); sheet_source=OLMoE paper/HF config; config_source=huggingface:allenai/OLMoE-1B-7B-0125@main
Attention: heads / head dim / Key-Value heads,counts,OLMoE-1B-7B,Decode,config,16 / 128 / 16,config,"num_attention_heads, hidden_size, num_key_value_heads",mismatch,sheet_value=16 / 128 / 8 (GQA); sheet_source=OLMoE paper/HF config; config_source=huggingface:allenai/OLMoE-1B-7B-0125@main
Attention: heads / head dim / Key-Value heads,counts,Deepseek-V3,Prefill,config,"128 / qk=192 (nope=128+rope=64), v=128 / MLA kv_lora=512",config,"num_attention_heads, qk_nope_head_dim, qk_rope_head_dim, v_head_dim, kv_lora_rank",mismatch,sheet_value=128 / 128 / MLA kv_lora=512; sheet_source=DeepSeek-V3 report; config_source=huggingface:deepseek-ai/DeepSeek-V3@main
Attention: heads / head dim / Key-Value heads,counts,Deepseek-V3,Decode,config,"128 / qk=192 (nope=128+rope=64), v=128 / MLA kv_lora=512",config,"num_attention_heads, qk_nope_head_dim, qk_rope_head_dim, v_head_dim, kv_lora_rank",mismatch,sheet_value=128 / 128 / MLA kv_lora=512; sheet_source=DeepSeek-V3 report; config_source=huggingface:deepseek-ai/DeepSeek-V3@main
Total experts,count,Nano-MoE-Jax,Prefill,config,4,config,n_experts,mismatch,sheet_value=8; sheet_source=assumed (golden-ref); config_source=Nano-MoE-JAX public default config
Total experts,count,Nano-MoE-Jax,Decode,config,4,config,n_experts,mismatch,sheet_value=8; sheet_source=assumed (golden-ref); config_source=Nano-MoE-JAX public default config
Total experts,count,OLMoE-1B-7B,Prefill,config,64,config,num_experts,match,config_source=huggingface:allenai/OLMoE-1B-7B-0125@main
Total experts,count,OLMoE-1B-7B,Decode,config,64,config,num_experts,match,config_source=huggingface:allenai/OLMoE-1B-7B-0125@main
Total experts,count,Deepseek-V3,Prefill,config,256,config,n_routed_experts,match,config_source=huggingface:deepseek-ai/DeepSeek-V3@main
Total experts,count,Deepseek-V3,Decode,config,256,config,n_routed_experts,match,config_source=huggingface:deepseek-ai/DeepSeek-V3@main
Experts active per token (top-k),count,Nano-MoE-Jax,Prefill,config,2,config,top_k,match,config_source=Nano-MoE-JAX public default config
Experts active per token (top-k),count,Nano-MoE-Jax,Decode,config,2,config,top_k,match,config_source=Nano-MoE-JAX public default config
Experts active per token (top-k),count,OLMoE-1B-7B,Prefill,config,8,config,num_experts_per_tok,match,config_source=huggingface:allenai/OLMoE-1B-7B-0125@main
Experts active per token (top-k),count,OLMoE-1B-7B,Decode,config,8,config,num_experts_per_tok,match,config_source=huggingface:allenai/OLMoE-1B-7B-0125@main
Experts active per token (top-k),count,Deepseek-V3,Prefill,config,8,config,num_experts_per_tok,match,config_source=huggingface:deepseek-ai/DeepSeek-V3@main
Experts active per token (top-k),count,Deepseek-V3,Decode,config,8,config,num_experts_per_tok,match,config_source=huggingface:deepseek-ai/DeepSeek-V3@main
Shared experts,count,Nano-MoE-Jax,Prefill,config,0,config,n_shared_experts default 0,match,config_source=Nano-MoE-JAX public default config
Shared experts,count,Nano-MoE-Jax,Decode,config,0,config,n_shared_experts default 0,match,config_source=Nano-MoE-JAX public default config
Shared experts,count,OLMoE-1B-7B,Prefill,config,0,config,n_shared_experts default 0,match,config_source=huggingface:allenai/OLMoE-1B-7B-0125@main
Shared experts,count,OLMoE-1B-7B,Decode,config,0,config,n_shared_experts default 0,match,config_source=huggingface:allenai/OLMoE-1B-7B-0125@main
Shared experts,count,Deepseek-V3,Prefill,config,1,config,n_shared_experts default 0,match,config_source=huggingface:deepseek-ai/DeepSeek-V3@main
Shared experts,count,Deepseek-V3,Decode,config,1,config,n_shared_experts default 0,match,config_source=huggingface:deepseek-ai/DeepSeek-V3@main
Expert feedforward dimension,dim,Nano-MoE-Jax,Prefill,config,512,config,d_ff,mismatch,sheet_value=160; sheet_source=assumed (golden-ref); config_source=Nano-MoE-JAX public default config
Expert feedforward dimension,dim,Nano-MoE-Jax,Decode,config,512,config,d_ff,mismatch,sheet_value=160; sheet_source=assumed (golden-ref); config_source=Nano-MoE-JAX public default config
Expert feedforward dimension,dim,OLMoE-1B-7B,Prefill,config,1024,config,intermediate_size,match,config_source=huggingface:allenai/OLMoE-1B-7B-0125@main
Expert feedforward dimension,dim,OLMoE-1B-7B,Decode,config,1024,config,intermediate_size,match,config_source=huggingface:allenai/OLMoE-1B-7B-0125@main
Expert feedforward dimension,dim,Deepseek-V3,Prefill,config,2048,config,moe_intermediate_size,match,config_source=huggingface:deepseek-ai/DeepSeek-V3@main
Expert feedforward dimension,dim,Deepseek-V3,Decode,config,2048,config,moe_intermediate_size,match,config_source=huggingface:deepseek-ai/DeepSeek-V3@main
Router / gating type,text,Nano-MoE-Jax,Prefill,config,softmax top-2,config,top_k + Nano-MoE-JAX router implementation,mismatch,"sheet_value=Softmax top-2, no aux loss; sheet_source=assumed (golden-ref); config_source=Nano-MoE-JAX public default config"
Router / gating type,text,Nano-MoE-Jax,Decode,config,softmax top-2,config,top_k + Nano-MoE-JAX router implementation,mismatch,"sheet_value=Softmax top-2, no aux loss; sheet_source=assumed (golden-ref); config_source=Nano-MoE-JAX public default config"
Router / gating type,text,OLMoE-1B-7B,Prefill,config,"softmax top-8, aux_loss_coef=0.01, norm_topk_prob=False",config,"num_experts_per_tok, router_aux_loss_coef, norm_topk_prob",mismatch,sheet_value=Softmax top-8 + z-loss regulariser; sheet_source=OLMoE paper/HF config; config_source=huggingface:allenai/OLMoE-1B-7B-0125@main
Router / gating type,text,OLMoE-1B-7B,Decode,config,"softmax top-8, aux_loss_coef=0.01, norm_topk_prob=False",config,"num_experts_per_tok, router_aux_loss_coef, norm_topk_prob",mismatch,sheet_value=Softmax top-8 + z-loss regulariser; sheet_source=OLMoE paper/HF config; config_source=huggingface:allenai/OLMoE-1B-7B-0125@main
Router / gating type,text,Deepseek-V3,Prefill,config,"sigmoid top-8, topk_method=noaux_tc, norm_topk_prob=True, shared_experts=1",config,"scoring_func, topk_method, norm_topk_prob, n_shared_experts",mismatch,sheet_value=Top-8 routed + 1 shared; complementary seq-wise aux-free load balancing; sheet_source=DeepSeek-V3 report; config_source=huggingface:deepseek-ai/DeepSeek-V3@main
Router / gating type,text,Deepseek-V3,Decode,config,"sigmoid top-8, topk_method=noaux_tc, norm_topk_prob=True, shared_experts=1",config,"scoring_func, topk_method, norm_topk_prob, n_shared_experts",mismatch,sheet_value=Top-8 routed + 1 shared; complementary seq-wise aux-free load balancing; sheet_source=DeepSeek-V3 report; config_source=huggingface:deepseek-ai/DeepSeek-V3@main
Multiply-accumulate ops per token,MACs/token,Nano-MoE-Jax,Prefill,formula,2525184,computed_from_config,MACs/token = sum of per-token matmul components using sheet operating point,mismatch,"sheet_value=1155072; sheet_source=computed; config_source=Nano-MoE-JAX public default config; B=1, S=128, KV=512"
Multiply-accumulate ops per token,MACs/token,Nano-MoE-Jax,Decode,formula,2918400,computed_from_config,MACs/token = sum of per-token matmul components using sheet operating point,mismatch,"sheet_value=1548288; sheet_source=computed; config_source=Nano-MoE-JAX public default config; B=1, S=512, KV=512"
Multiply-accumulate ops per token,MACs/token,OLMoE-1B-7B,Prefill,formula,1212416000,computed_from_config,MACs/token = sum of per-token matmul components using sheet operating point,mismatch,"sheet_value=1245708288; sheet_source=computed; config_source=huggingface:allenai/OLMoE-1B-7B-0125@main; B=32, S=512, KV=2048"
Multiply-accumulate ops per token,MACs/token,OLMoE-1B-7B,Decode,formula,1313079296,computed_from_config,MACs/token = sum of per-token matmul components using sheet operating point,mismatch,"sheet_value=1346371584; sheet_source=computed; config_source=huggingface:allenai/OLMoE-1B-7B-0125@main; B=32, S=2048, KV=2048"
Multiply-accumulate ops per token,MACs/token,Deepseek-V3,Prefill,formula,39183122432,computed_from_config,MACs/token = sum of per-token matmul components using sheet operating point,mismatch,"sheet_value=49323966464; sheet_source=computed; config_source=huggingface:deepseek-ai/DeepSeek-V3@main; B=32, S=1024, KV=4096"
Multiply-accumulate ops per token,MACs/token,Deepseek-V3,Decode,formula,46858698752,computed_from_config,MACs/token = sum of per-token matmul components using sheet operating point,mismatch,"sheet_value=58534658048; sheet_source=computed; config_source=huggingface:deepseek-ai/DeepSeek-V3@main; B=32, S=4096, KV=4096"
Dominant operators (shapes + % of compute),text,Nano-MoE-Jax,Prefill,formula,expert_mlp_impl_all_experts 83.0%; attention_proj 10.4%; attention_qk_av 5.2%; lm_head 1.3%,computed_from_config,component MAC share from static matmul formulas,mismatch,"sheet_value=MoE gate+up(128,160)×2 ~68%; AttnQKV(128,128) ~27%; attn scores ~5%; sheet_source=computed; config_source=Nano-MoE-JAX public default config; B=1, S=128, KV=512"
Dominant operators (shapes + % of compute),text,Nano-MoE-Jax,Decode,formula,expert_mlp_impl_all_experts 71.9%; attention_qk_av 18.0%; attention_proj 9.0%; lm_head 1.1%,computed_from_config,component MAC share from static matmul formulas,mismatch,"sheet_value=MoE gate+up(128,160)×2 ~60%; AttnQKV ~25%; KV attn ctx ~15%; sheet_source=computed; config_source=Nano-MoE-JAX public default config; B=1, S=512, KV=512"
Dominant operators (shapes + % of compute),text,OLMoE-1B-7B,Prefill,formula,routed_expert_mlp_topk 66.4%; attention_proj 22.1%; lm_head 8.5%; attention_qk_av 2.8%,computed_from_config,component MAC share from static matmul formulas,mismatch,"sheet_value=MoE gate+up(2048,1024)×8 ~77%; AttnQKV(2048,2048) ~18%; router ~5%; sheet_source=computed; config_source=huggingface:allenai/OLMoE-1B-7B-0125@main; B=32, S=512, KV=2048"
Dominant operators (shapes + % of compute),text,OLMoE-1B-7B,Decode,formula,routed_expert_mlp_topk 61.3%; attention_proj 20.4%; attention_qk_av 10.2%; lm_head 7.8%,computed_from_config,component MAC share from static matmul formulas,mismatch,"sheet_value=MoE gate+up(2048,1024)×8 ~73%; AttnQKV ~18%; KV attn ~9%; sheet_source=computed; config_source=huggingface:allenai/OLMoE-1B-7B-0125@main; B=32, S=2048, KV=2048"
Dominant operators (shapes + % of compute),text,Deepseek-V3,Prefill,formula,routed_expert_mlp_topk 52.2%; attention_mla_proj 29.1%; attention_qk_av 6.5%; shared_expert_mlp 6.5%,computed_from_config,component MAC share from static matmul formulas,mismatch,"sheet_value=MoE gate+up(7168,2048)×9 experts ~66%; MLA proj(q_lora+kv_lora) ~30%; router ~4%; sheet_source=computed; config_source=huggingface:deepseek-ai/DeepSeek-V3@main; B=32, S=1024, KV=4096"
Dominant operators (shapes + % of compute),text,Deepseek-V3,Decode,formula,routed_expert_mlp_topk 43.6%; attention_mla_proj 24.4%; attention_qk_av 21.8%; shared_expert_mlp 5.5%,computed_from_config,component MAC share from static matmul formulas,mismatch,"sheet_value=MoE gate+up(7168,2048)×9 experts ~58%; MLA proj ~27%; KV attn (4096 ctx) ~15%; sheet_source=computed; config_source=huggingface:deepseek-ai/DeepSeek-V3@main; B=32, S=4096, KV=4096"
Arithmetic intensity,FLOPs/byte,Nano-MoE-Jax,Prefill,not_config_verifiable,0.2,ai_sheet_unverified,not derivable from config-only verification,unverified_source_value,source=computed
Arithmetic intensity,FLOPs/byte,Nano-MoE-Jax,Decode,not_config_verifiable,0.6,ai_sheet_unverified,not derivable from config-only verification,unverified_source_value,source=computed
Arithmetic intensity,FLOPs/byte,OLMoE-1B-7B,Prefill,not_config_verifiable,5.5,ai_sheet_unverified,not derivable from config-only verification,unverified_source_value,source=computed
Arithmetic intensity,FLOPs/byte,OLMoE-1B-7B,Decode,not_config_verifiable,13.7,ai_sheet_unverified,not derivable from config-only verification,unverified_source_value,source=computed
Arithmetic intensity,FLOPs/byte,Deepseek-V3,Prefill,not_config_verifiable,4.6,ai_sheet_unverified,not derivable from config-only verification,unverified_source_value,source=computed
Arithmetic intensity,FLOPs/byte,Deepseek-V3,Decode,not_config_verifiable,72.5,ai_sheet_unverified,not derivable from config-only verification,unverified_source_value,source=computed
Weight footprint (total),bytes,Nano-MoE-Jax,Prefill,formula,9773568,computed_from_config,total_parameter_count * weight_bytes,mismatch,sheet_value=9437184; sheet_source=computed; config_source=Nano-MoE-JAX public default config; weight_bytes=4
Weight footprint (total),bytes,Nano-MoE-Jax,Decode,formula,9773568,computed_from_config,total_parameter_count * weight_bytes,mismatch,sheet_value=9437184; sheet_source=computed; config_source=Nano-MoE-JAX public default config; weight_bytes=4
Weight footprint (total),bytes,OLMoE-1B-7B,Prefill,formula,27676123136,computed_from_config,total_parameter_count * weight_bytes,mismatch,sheet_value=13493731328; sheet_source=computed; config_source=huggingface:allenai/OLMoE-1B-7B-0125@main; weight_bytes=4
Weight footprint (total),bytes,OLMoE-1B-7B,Decode,formula,27676123136,computed_from_config,total_parameter_count * weight_bytes,mismatch,sheet_value=13493731328; sheet_source=computed; config_source=huggingface:allenai/OLMoE-1B-7B-0125@main; weight_bytes=4
Weight footprint (total),bytes,Deepseek-V3,Prefill,formula,671025404928,computed_from_config,total_parameter_count * weight_bytes,mismatch,sheet_value=6.69708E+11; sheet_source=computed; config_source=huggingface:deepseek-ai/DeepSeek-V3@main; weight_bytes=1
Weight footprint (total),bytes,Deepseek-V3,Decode,formula,671025404928,computed_from_config,total_parameter_count * weight_bytes,mismatch,sheet_value=6.69708E+11; sheet_source=computed; config_source=huggingface:deepseek-ai/DeepSeek-V3@main; weight_bytes=1
Weight footprint per layer,bytes,Nano-MoE-Jax,Prefill,formula,2361344,computed_from_config,decoder_layer_weight_params * weight_bytes; DeepSeek value is average over dense and MoE layers,match,config_source=Nano-MoE-JAX public default config; weight_bytes=4
Weight footprint per layer,bytes,Nano-MoE-Jax,Decode,formula,2361344,computed_from_config,decoder_layer_weight_params * weight_bytes; DeepSeek value is average over dense and MoE layers,match,config_source=Nano-MoE-JAX public default config; weight_bytes=4
Weight footprint per layer,bytes,OLMoE-1B-7B,Prefill,formula,1678245888,computed_from_config,decoder_layer_weight_params * weight_bytes; DeepSeek value is average over dense and MoE layers,mismatch,sheet_value=843358208; sheet_source=computed; config_source=huggingface:allenai/OLMoE-1B-7B-0125@main; weight_bytes=4
Weight footprint per layer,bytes,OLMoE-1B-7B,Decode,formula,1678245888,computed_from_config,decoder_layer_weight_params * weight_bytes; DeepSeek value is average over dense and MoE layers,mismatch,sheet_value=843358208; sheet_source=computed; config_source=huggingface:allenai/OLMoE-1B-7B-0125@main; weight_bytes=4
Weight footprint per layer,bytes,Deepseek-V3,Prefill,formula,10970033437,computed_from_config,decoder_layer_weight_params * weight_bytes; DeepSeek value is average over dense and MoE layers,match,config_source=huggingface:deepseek-ai/DeepSeek-V3@main; weight_bytes=1
Weight footprint per layer,bytes,Deepseek-V3,Decode,formula,10970033437,computed_from_config,decoder_layer_weight_params * weight_bytes; DeepSeek value is average over dense and MoE layers,match,config_source=huggingface:deepseek-ai/DeepSeek-V3@main; weight_bytes=1
Weight footprint per expert,bytes,Nano-MoE-Jax,Prefill,formula,524288,computed_from_config,expert_weight_params_per_expert * weight_bytes,mismatch,sheet_value=491520; sheet_source=computed; config_source=Nano-MoE-JAX public default config; weight_bytes=4
Weight footprint per expert,bytes,Nano-MoE-Jax,Decode,formula,524288,computed_from_config,expert_weight_params_per_expert * weight_bytes,mismatch,sheet_value=491520; sheet_source=computed; config_source=Nano-MoE-JAX public default config; weight_bytes=4
Weight footprint per expert,bytes,OLMoE-1B-7B,Prefill,formula,25165824,computed_from_config,expert_weight_params_per_expert * weight_bytes,mismatch,sheet_value=12582912; sheet_source=computed; config_source=huggingface:allenai/OLMoE-1B-7B-0125@main; weight_bytes=4
Weight footprint per expert,bytes,OLMoE-1B-7B,Decode,formula,25165824,computed_from_config,expert_weight_params_per_expert * weight_bytes,mismatch,sheet_value=12582912; sheet_source=computed; config_source=huggingface:allenai/OLMoE-1B-7B-0125@main; weight_bytes=4
Weight footprint per expert,bytes,Deepseek-V3,Prefill,formula,44040192,computed_from_config,expert_weight_params_per_expert * weight_bytes,match,config_source=huggingface:deepseek-ai/DeepSeek-V3@main; weight_bytes=1
Weight footprint per expert,bytes,Deepseek-V3,Decode,formula,44040192,computed_from_config,expert_weight_params_per_expert * weight_bytes,match,config_source=huggingface:deepseek-ai/DeepSeek-V3@main; weight_bytes=1
Activation footprint per layer,bytes,Nano-MoE-Jax,Prefill,formula,65536,computed_from_config,B * S_effective * H * activation_bytes; S_effective=S for prefill and 1 for decode,match,"config_source=Nano-MoE-JAX public default config; B=1, S=128, KV=512"
Activation footprint per layer,bytes,Nano-MoE-Jax,Decode,formula,512,computed_from_config,B * S_effective * H * activation_bytes; S_effective=S for prefill and 1 for decode,match,"config_source=Nano-MoE-JAX public default config; B=1, S=512, KV=512"
Activation footprint per layer,bytes,OLMoE-1B-7B,Prefill,formula,134217728,computed_from_config,B * S_effective * H * activation_bytes; S_effective=S for prefill and 1 for decode,mismatch,"sheet_value=2097152; sheet_source=computed; config_source=huggingface:allenai/OLMoE-1B-7B-0125@main; B=32, S=512, KV=2048"
Activation footprint per layer,bytes,OLMoE-1B-7B,Decode,formula,262144,computed_from_config,B * S_effective * H * activation_bytes; S_effective=S for prefill and 1 for decode,mismatch,"sheet_value=4096; sheet_source=computed; config_source=huggingface:allenai/OLMoE-1B-7B-0125@main; B=32, S=2048, KV=2048"
Activation footprint per layer,bytes,Deepseek-V3,Prefill,formula,469762048,computed_from_config,B * S_effective * H * activation_bytes; S_effective=S for prefill and 1 for decode,mismatch,"sheet_value=7340032; sheet_source=computed; config_source=huggingface:deepseek-ai/DeepSeek-V3@main; B=32, S=1024, KV=4096"
Activation footprint per layer,bytes,Deepseek-V3,Decode,formula,458752,computed_from_config,B * S_effective * H * activation_bytes; S_effective=S for prefill and 1 for decode,mismatch,"sheet_value=7168; sheet_source=computed; config_source=huggingface:deepseek-ai/DeepSeek-V3@main; B=32, S=4096, KV=4096"
Key-Value cache size,bytes,Nano-MoE-Jax,Prefill,formula,2097152,computed_from_config,KV cache formula from config attention layout and sheet KV context length,match,"config_source=Nano-MoE-JAX public default config; B=1, S=128, KV=512"
Key-Value cache size,bytes,Nano-MoE-Jax,Decode,formula,2097152,computed_from_config,KV cache formula from config attention layout and sheet KV context length,match,"config_source=Nano-MoE-JAX public default config; B=1, S=512, KV=512"
Key-Value cache size,bytes,OLMoE-1B-7B,Prefill,formula,17179869184,computed_from_config,KV cache formula from config attention layout and sheet KV context length,mismatch,"sheet_value=4294967296; sheet_source=computed; config_source=huggingface:allenai/OLMoE-1B-7B-0125@main; B=32, S=512, KV=2048"
Key-Value cache size,bytes,OLMoE-1B-7B,Decode,formula,17179869184,computed_from_config,KV cache formula from config attention layout and sheet KV context length,mismatch,"sheet_value=4294967296; sheet_source=computed; config_source=huggingface:allenai/OLMoE-1B-7B-0125@main; B=32, S=2048, KV=2048"
Key-Value cache size,bytes,Deepseek-V3,Prefill,formula,9210691584,computed_from_config,KV cache formula from config attention layout and sheet KV context length,mismatch,"sheet_value=16374562816; sheet_source=computed; config_source=huggingface:deepseek-ai/DeepSeek-V3@main; B=32, S=1024, KV=4096"
Key-Value cache size,bytes,Deepseek-V3,Decode,formula,9210691584,computed_from_config,KV cache formula from config attention layout and sheet KV context length,mismatch,"sheet_value=16374562816; sheet_source=computed; config_source=huggingface:deepseek-ai/DeepSeek-V3@main; B=32, S=4096, KV=4096"
Bytes moved off-chip per token,bytes/token,Nano-MoE-Jax,Prefill,not_config_verifiable,3080192,ai_sheet_unverified,not derivable from config-only verification,unverified_source_value,source=computed
Bytes moved off-chip per token,bytes/token,Nano-MoE-Jax,Decode,not_config_verifiable,5111808,ai_sheet_unverified,not derivable from config-only verification,unverified_source_value,source=computed
Bytes moved off-chip per token,bytes/token,OLMoE-1B-7B,Prefill,not_config_verifiable,65011712,ai_sheet_unverified,not derivable from config-only verification,unverified_source_value,source=computed
Bytes moved off-chip per token,bytes/token,OLMoE-1B-7B,Decode,not_config_verifiable,197132288,ai_sheet_unverified,not derivable from config-only verification,unverified_source_value,source=computed
Bytes moved off-chip per token,bytes/token,Deepseek-V3,Prefill,not_config_verifiable,1110704128,ai_sheet_unverified,not derivable from config-only verification,unverified_source_value,source=computed
Bytes moved off-chip per token,bytes/token,Deepseek-V3,Decode,not_config_verifiable,1615069184,ai_sheet_unverified,not derivable from config-only verification,unverified_source_value,source=computed
On-chip resident working set,bytes,Nano-MoE-Jax,Prefill,not_config_verifiable,2884096,ai_sheet_unverified,not derivable from config-only verification,unverified_source_value,source=computed
On-chip resident working set,bytes,Nano-MoE-Jax,Decode,not_config_verifiable,2884096,ai_sheet_unverified,not derivable from config-only verification,unverified_source_value,source=computed
On-chip resident working set,bytes,OLMoE-1B-7B,Prefill,not_config_verifiable,851750912,ai_sheet_unverified,not derivable from config-only verification,unverified_source_value,source=computed
On-chip resident working set,bytes,OLMoE-1B-7B,Decode,not_config_verifiable,851750912,ai_sheet_unverified,not derivable from config-only verification,unverified_source_value,source=computed
On-chip resident working set,bytes,Deepseek-V3,Prefill,not_config_verifiable,10987222855,ai_sheet_unverified,not derivable from config-only verification,unverified_source_value,source=computed
On-chip resident working set,bytes,Deepseek-V3,Decode,not_config_verifiable,10987222855,ai_sheet_unverified,not derivable from config-only verification,unverified_source_value,source=computed
Reuse / locality notes,text,Nano-MoE-Jax,Prefill,not_config_verifiable,All weights fit on-chip (9.4 MB); KV fits SRAM; zero off-chip streaming needed,ai_sheet_unverified,not derivable from config-only verification,unverified_source_value,source=assumed (golden-ref)
Reuse / locality notes,text,Nano-MoE-Jax,Decode,not_config_verifiable,All weights fit on-chip (9.4 MB); KV fits SRAM; zero off-chip streaming needed,ai_sheet_unverified,not derivable from config-only verification,unverified_source_value,source=assumed (golden-ref)
Reuse / locality notes,text,OLMoE-1B-7B,Prefill,not_config_verifiable,8/64 experts active; 87.5% expert weight cold per token; dynamic page fetch per layer,ai_sheet_unverified,not derivable from config-only verification,unverified_source_value,source=OLMoE paper/HF config
Reuse / locality notes,text,OLMoE-1B-7B,Decode,not_config_verifiable,8/64 experts active; 87.5% expert weight cold per token; dynamic page fetch per layer,ai_sheet_unverified,not derivable from config-only verification,unverified_source_value,source=OLMoE paper/HF config
Reuse / locality notes,text,Deepseek-V3,Prefill,not_config_verifiable,MLA 32× KV compression vs standard MHA; 9/257 experts active; 96.5% expert weight cold,ai_sheet_unverified,not derivable from config-only verification,unverified_source_value,source=DeepSeek-V3 report
Reuse / locality notes,text,Deepseek-V3,Decode,not_config_verifiable,MLA 32× KV compression vs standard MHA; 9/257 experts active; 96.5% expert weight cold,ai_sheet_unverified,not derivable from config-only verification,unverified_source_value,source=DeepSeek-V3 report
Key-Value cache read bandwidth per decode step,bytes/step,Nano-MoE-Jax,Prefill,formula,,computed_from_config,decode-only metric,not_applicable,prefill column intentionally blank
Key-Value cache read bandwidth per decode step,bytes/step,Nano-MoE-Jax,Decode,formula,2097152,computed_from_config,decode step reads B * KV cached keys/values across layers,match,"config_source=Nano-MoE-JAX public default config; B=1, S=512, KV=512"
Key-Value cache read bandwidth per decode step,bytes/step,OLMoE-1B-7B,Prefill,formula,,computed_from_config,decode-only metric,not_applicable,prefill column intentionally blank
Key-Value cache read bandwidth per decode step,bytes/step,OLMoE-1B-7B,Decode,formula,17179869184,computed_from_config,decode step reads B * KV cached keys/values across layers,mismatch,"sheet_value=4294967296; sheet_source=computed; config_source=huggingface:allenai/OLMoE-1B-7B-0125@main; B=32, S=2048, KV=2048"
Key-Value cache read bandwidth per decode step,bytes/step,Deepseek-V3,Prefill,formula,,computed_from_config,decode-only metric,not_applicable,prefill column intentionally blank
Key-Value cache read bandwidth per decode step,bytes/step,Deepseek-V3,Decode,formula,9210691584,computed_from_config,decode step reads B * KV cached keys/values across layers,mismatch,"sheet_value=16374562816; sheet_source=computed; config_source=huggingface:deepseek-ai/DeepSeek-V3@main; B=32, S=4096, KV=4096"
Weights precision,,Nano-MoE-Jax,Prefill,config,FP32,config,JAX default dtype for Nano-MoE-JAX defaults,match,config_source=Nano-MoE-JAX public default config
Weights precision,,Nano-MoE-Jax,Decode,config,FP32,config,JAX default dtype for Nano-MoE-JAX defaults,match,config_source=Nano-MoE-JAX public default config
Weights precision,,OLMoE-1B-7B,Prefill,config,FP32,config,torch_dtype,mismatch,sheet_value=BF16; sheet_source=OLMoE paper/HF config; config_source=huggingface:allenai/OLMoE-1B-7B-0125@main
Weights precision,,OLMoE-1B-7B,Decode,config,FP32,config,torch_dtype,mismatch,sheet_value=BF16; sheet_source=OLMoE paper/HF config; config_source=huggingface:allenai/OLMoE-1B-7B-0125@main
Weights precision,,Deepseek-V3,Prefill,config,FP8 (E4M3),config,quantization_config,match,config_source=huggingface:deepseek-ai/DeepSeek-V3@main
Weights precision,,Deepseek-V3,Decode,config,FP8 (E4M3),config,quantization_config,match,config_source=huggingface:deepseek-ai/DeepSeek-V3@main
Activations precision,,Nano-MoE-Jax,Prefill,config,FP32,config,JAX default dtype for Nano-MoE-JAX defaults,match,config_source=Nano-MoE-JAX public default config
Activations precision,,Nano-MoE-Jax,Decode,config,FP32,config,JAX default dtype for Nano-MoE-JAX defaults,match,config_source=Nano-MoE-JAX public default config
Activations precision,,OLMoE-1B-7B,Prefill,config,FP32,config,torch_dtype,mismatch,sheet_value=BF16; sheet_source=OLMoE paper/HF config; config_source=huggingface:allenai/OLMoE-1B-7B-0125@main
Activations precision,,OLMoE-1B-7B,Decode,config,FP32,config,torch_dtype,mismatch,sheet_value=BF16; sheet_source=OLMoE paper/HF config; config_source=huggingface:allenai/OLMoE-1B-7B-0125@main
Activations precision,,Deepseek-V3,Prefill,config,BF16,config,torch_dtype,match,config_source=huggingface:deepseek-ai/DeepSeek-V3@main
Activations precision,,Deepseek-V3,Decode,config,BF16,config,torch_dtype,match,config_source=huggingface:deepseek-ai/DeepSeek-V3@main
Key-Value cache precision,,Nano-MoE-Jax,Prefill,config,FP32,config,JAX default dtype for Nano-MoE-JAX defaults,match,config_source=Nano-MoE-JAX public default config
Key-Value cache precision,,Nano-MoE-Jax,Decode,config,FP32,config,JAX default dtype for Nano-MoE-JAX defaults,match,config_source=Nano-MoE-JAX public default config
Key-Value cache precision,,OLMoE-1B-7B,Prefill,config,FP32,config,torch_dtype,mismatch,sheet_value=BF16; sheet_source=OLMoE paper/HF config; config_source=huggingface:allenai/OLMoE-1B-7B-0125@main
Key-Value cache precision,,OLMoE-1B-7B,Decode,config,FP32,config,torch_dtype,mismatch,sheet_value=BF16; sheet_source=OLMoE paper/HF config; config_source=huggingface:allenai/OLMoE-1B-7B-0125@main
Key-Value cache precision,,Deepseek-V3,Prefill,config,BF16,config,torch_dtype,match,config_source=huggingface:deepseek-ai/DeepSeek-V3@main
Key-Value cache precision,,Deepseek-V3,Decode,config,BF16,config,torch_dtype,match,config_source=huggingface:deepseek-ai/DeepSeek-V3@main
Accumulation precision,,Nano-MoE-Jax,Prefill,not_config_verifiable,FP32,ai_sheet_unverified,not derivable from config-only verification,unverified_source_value,source=assumed (golden-ref)
Accumulation precision,,Nano-MoE-Jax,Decode,not_config_verifiable,FP32,ai_sheet_unverified,not derivable from config-only verification,unverified_source_value,source=assumed (golden-ref)
Accumulation precision,,OLMoE-1B-7B,Prefill,not_config_verifiable,FP32,ai_sheet_unverified,not derivable from config-only verification,unverified_source_value,source=OLMoE paper/HF config
Accumulation precision,,OLMoE-1B-7B,Decode,not_config_verifiable,FP32,ai_sheet_unverified,not derivable from config-only verification,unverified_source_value,source=OLMoE paper/HF config
Accumulation precision,,Deepseek-V3,Prefill,not_config_verifiable,FP32,ai_sheet_unverified,not derivable from config-only verification,unverified_source_value,source=DeepSeek-V3 report
Accumulation precision,,Deepseek-V3,Decode,not_config_verifiable,FP32,ai_sheet_unverified,not derivable from config-only verification,unverified_source_value,source=DeepSeek-V3 report
Quantization scheme,,Nano-MoE-Jax,Prefill,config,None,config,no quantization field in Nano-MoE-JAX defaults,match,config_source=Nano-MoE-JAX public default config
Quantization scheme,,Nano-MoE-Jax,Decode,config,None,config,no quantization field in Nano-MoE-JAX defaults,match,config_source=Nano-MoE-JAX public default config
Quantization scheme,,OLMoE-1B-7B,Prefill,config,None,config,quantization_config absent,mismatch,sheet_value=None (BF16 baseline); sheet_source=OLMoE paper/HF config; config_source=huggingface:allenai/OLMoE-1B-7B-0125@main
Quantization scheme,,OLMoE-1B-7B,Decode,config,None,config,quantization_config absent,mismatch,sheet_value=None (BF16 baseline); sheet_source=OLMoE paper/HF config; config_source=huggingface:allenai/OLMoE-1B-7B-0125@main
Quantization scheme,,Deepseek-V3,Prefill,config,"{'activation_scheme': 'dynamic', 'fmt': 'e4m3', 'quant_method': 'fp8', 'weight_block_size': [128, 128]}",config,quantization_config,mismatch,sheet_value=Per-tensor FP8 weights; BF16 activations; online scale factors; sheet_source=DeepSeek-V3 report; config_source=huggingface:deepseek-ai/DeepSeek-V3@main
Quantization scheme,,Deepseek-V3,Decode,config,"{'activation_scheme': 'dynamic', 'fmt': 'e4m3', 'quant_method': 'fp8', 'weight_block_size': [128, 128]}",config,quantization_config,mismatch,sheet_value=Per-tensor FP8 weights; BF16 activations; online scale factors; sheet_source=DeepSeek-V3 report; config_source=huggingface:deepseek-ai/DeepSeek-V3@main
Expert activation fraction (top-k / total),%,Nano-MoE-Jax,Prefill,formula,50,computed_from_config,100 * (top_k + shared_experts) / (routed_experts + shared_experts),mismatch,sheet_value=25; sheet_source=computed; config_source=Nano-MoE-JAX public default config; shared_experts included for DeepSeek hardware-active expert pages
Expert activation fraction (top-k / total),%,Nano-MoE-Jax,Decode,formula,50,computed_from_config,100 * (top_k + shared_experts) / (routed_experts + shared_experts),mismatch,sheet_value=25; sheet_source=computed; config_source=Nano-MoE-JAX public default config; shared_experts included for DeepSeek hardware-active expert pages
Expert activation fraction (top-k / total),%,OLMoE-1B-7B,Prefill,formula,12.5,computed_from_config,100 * (top_k + shared_experts) / (routed_experts + shared_experts),match,config_source=huggingface:allenai/OLMoE-1B-7B-0125@main; shared_experts included for DeepSeek hardware-active expert pages
Expert activation fraction (top-k / total),%,OLMoE-1B-7B,Decode,formula,12.5,computed_from_config,100 * (top_k + shared_experts) / (routed_experts + shared_experts),match,config_source=huggingface:allenai/OLMoE-1B-7B-0125@main; shared_experts included for DeepSeek hardware-active expert pages
Expert activation fraction (top-k / total),%,Deepseek-V3,Prefill,formula,3.50195,computed_from_config,100 * (top_k + shared_experts) / (routed_experts + shared_experts),match,config_source=huggingface:deepseek-ai/DeepSeek-V3@main; shared_experts included for DeepSeek hardware-active expert pages
Expert activation fraction (top-k / total),%,Deepseek-V3,Decode,formula,3.50195,computed_from_config,100 * (top_k + shared_experts) / (routed_experts + shared_experts),match,config_source=huggingface:deepseek-ai/DeepSeek-V3@main; shared_experts included for DeepSeek hardware-active expert pages
Other sparsity (type + level),text,Nano-MoE-Jax,Prefill,not_config_verifiable,None,ai_sheet_unverified,not derivable from config-only verification,unverified_source_value,source=assumed (golden-ref)
Other sparsity (type + level),text,Nano-MoE-Jax,Decode,not_config_verifiable,None,ai_sheet_unverified,not derivable from config-only verification,unverified_source_value,source=assumed (golden-ref)
Other sparsity (type + level),text,OLMoE-1B-7B,Prefill,not_config_verifiable,None beyond expert sparsity,ai_sheet_unverified,not derivable from config-only verification,unverified_source_value,source=OLMoE paper/HF config
Other sparsity (type + level),text,OLMoE-1B-7B,Decode,not_config_verifiable,None beyond expert sparsity,ai_sheet_unverified,not derivable from config-only verification,unverified_source_value,source=OLMoE paper/HF config
Other sparsity (type + level),text,Deepseek-V3,Prefill,not_config_verifiable,FP8 weight quantization (additional effective sparsity),ai_sheet_unverified,not derivable from config-only verification,unverified_source_value,source=DeepSeek-V3 report
Other sparsity (type + level),text,Deepseek-V3,Decode,not_config_verifiable,FP8 weight quantization,ai_sheet_unverified,not derivable from config-only verification,unverified_source_value,source=DeepSeek-V3 report
Routing / gather-scatter implication,text,Nano-MoE-Jax,Prefill,not_config_verifiable,"Top-2 gather from 8 experts; regular pattern, minimal scatter overhead for tiny model",ai_sheet_unverified,not derivable from config-only verification,unverified_source_value,source=assumed (golden-ref)
Routing / gather-scatter implication,text,Nano-MoE-Jax,Decode,not_config_verifiable,"Top-2 gather from 8 experts; regular pattern, minimal scatter overhead for tiny model",ai_sheet_unverified,not derivable from config-only verification,unverified_source_value,source=assumed (golden-ref)
Routing / gather-scatter implication,text,OLMoE-1B-7B,Prefill,not_config_verifiable,Top-8 gather from 64 experts; irregular page access across 8 expert groups; REDEFINE dynamic dispatch required,ai_sheet_unverified,not derivable from config-only verification,unverified_source_value,source=OLMoE paper/HF config
Routing / gather-scatter implication,text,OLMoE-1B-7B,Decode,not_config_verifiable,Top-8 gather from 64 experts; irregular page access; REDEFINE event-driven dispatch critical path,ai_sheet_unverified,not derivable from config-only verification,unverified_source_value,source=OLMoE paper/HF config
Routing / gather-scatter implication,text,Deepseek-V3,Prefill,not_config_verifiable,Top-8+1 gather from 256+1 experts; 9 distinct weight pages per token per MoE layer,ai_sheet_unverified,not derivable from config-only verification,unverified_source_value,source=DeepSeek-V3 report
Routing / gather-scatter implication,text,Deepseek-V3,Decode,not_config_verifiable,Top-8+1 gather from 256+1 experts; REDEFINE event-driven dispatch critical path,ai_sheet_unverified,not derivable from config-only verification,unverified_source_value,source=DeepSeek-V3 report
Latency target (first-token prefill / per-token decode),ms,Nano-MoE-Jax,Prefill,not_config_verifiable,< 1 / < 0.1,ai_sheet_unverified,not derivable from config-only verification,unverified_source_value,source=target
Latency target (first-token prefill / per-token decode),ms,Nano-MoE-Jax,Decode,not_config_verifiable,< 1 / < 0.1,ai_sheet_unverified,not derivable from config-only verification,unverified_source_value,source=target
Latency target (first-token prefill / per-token decode),ms,OLMoE-1B-7B,Prefill,not_config_verifiable,< 50 / < 20,ai_sheet_unverified,not derivable from config-only verification,unverified_source_value,source=target
Latency target (first-token prefill / per-token decode),ms,OLMoE-1B-7B,Decode,not_config_verifiable,< 50 / < 20,ai_sheet_unverified,not derivable from config-only verification,unverified_source_value,source=target
Latency target (first-token prefill / per-token decode),ms,Deepseek-V3,Prefill,not_config_verifiable,< 500 / < 100,ai_sheet_unverified,not derivable from config-only verification,unverified_source_value,source=target
Latency target (first-token prefill / per-token decode),ms,Deepseek-V3,Decode,not_config_verifiable,< 500 / < 100,ai_sheet_unverified,not derivable from config-only verification,unverified_source_value,source=target
Throughput target (per stream),tokens/s,Nano-MoE-Jax,Prefill,not_config_verifiable,> 1000,ai_sheet_unverified,not derivable from config-only verification,unverified_source_value,source=target
Throughput target (per stream),tokens/s,Nano-MoE-Jax,Decode,not_config_verifiable,> 1000,ai_sheet_unverified,not derivable from config-only verification,unverified_source_value,source=target
Throughput target (per stream),tokens/s,OLMoE-1B-7B,Prefill,not_config_verifiable,> 100,ai_sheet_unverified,not derivable from config-only verification,unverified_source_value,source=target
Throughput target (per stream),tokens/s,OLMoE-1B-7B,Decode,not_config_verifiable,> 100,ai_sheet_unverified,not derivable from config-only verification,unverified_source_value,source=target
Throughput target (per stream),tokens/s,Deepseek-V3,Prefill,not_config_verifiable,> 10,ai_sheet_unverified,not derivable from config-only verification,unverified_source_value,source=target
Throughput target (per stream),tokens/s,Deepseek-V3,Decode,not_config_verifiable,> 10,ai_sheet_unverified,not derivable from config-only verification,unverified_source_value,source=target
Throughput target (aggregate),tokens/s,Nano-MoE-Jax,Prefill,not_config_verifiable,> 1000,ai_sheet_unverified,not derivable from config-only verification,unverified_source_value,source=target
Throughput target (aggregate),tokens/s,Nano-MoE-Jax,Decode,not_config_verifiable,> 1000,ai_sheet_unverified,not derivable from config-only verification,unverified_source_value,source=target
Throughput target (aggregate),tokens/s,OLMoE-1B-7B,Prefill,not_config_verifiable,> 3200 (32×),ai_sheet_unverified,not derivable from config-only verification,unverified_source_value,source=target
Throughput target (aggregate),tokens/s,OLMoE-1B-7B,Decode,not_config_verifiable,> 3200 (32×),ai_sheet_unverified,not derivable from config-only verification,unverified_source_value,source=target
Throughput target (aggregate),tokens/s,Deepseek-V3,Prefill,not_config_verifiable,> 320 (32×),ai_sheet_unverified,not derivable from config-only verification,unverified_source_value,source=target
Throughput target (aggregate),tokens/s,Deepseek-V3,Decode,not_config_verifiable,> 320 (32×),ai_sheet_unverified,not derivable from config-only verification,unverified_source_value,source=target
Efficiency target (optional),tokens/J or TOPS/W,Nano-MoE-Jax,Prefill,not_config_verifiable,N/A (test model),ai_sheet_unverified,not derivable from config-only verification,unverified_source_value,source=target
Efficiency target (optional),tokens/J or TOPS/W,Nano-MoE-Jax,Decode,not_config_verifiable,N/A (test model),ai_sheet_unverified,not derivable from config-only verification,unverified_source_value,source=target
Efficiency target (optional),tokens/J or TOPS/W,OLMoE-1B-7B,Prefill,not_config_verifiable,TBD,ai_sheet_unverified,not derivable from config-only verification,unverified_source_value,source=target
Efficiency target (optional),tokens/J or TOPS/W,OLMoE-1B-7B,Decode,not_config_verifiable,TBD,ai_sheet_unverified,not derivable from config-only verification,unverified_source_value,source=target
Efficiency target (optional),tokens/J or TOPS/W,Deepseek-V3,Prefill,not_config_verifiable,TBD,ai_sheet_unverified,not derivable from config-only verification,unverified_source_value,source=target
Efficiency target (optional),tokens/J or TOPS/W,Deepseek-V3,Decode,not_config_verifiable,TBD,ai_sheet_unverified,not derivable from config-only verification,unverified_source_value,source=target
Accuracy floor,%,Nano-MoE-Jax,Prefill,not_config_verifiable,N/A (test model),ai_sheet_unverified,not derivable from config-only verification,unverified_source_value,source=target
Accuracy floor,%,Nano-MoE-Jax,Decode,not_config_verifiable,N/A (test model),ai_sheet_unverified,not derivable from config-only verification,unverified_source_value,source=target
Accuracy floor,%,OLMoE-1B-7B,Prefill,not_config_verifiable,>= 95% of FP16 baseline,ai_sheet_unverified,not derivable from config-only verification,unverified_source_value,source=target
Accuracy floor,%,OLMoE-1B-7B,Decode,not_config_verifiable,>= 95% of FP16 baseline,ai_sheet_unverified,not derivable from config-only verification,unverified_source_value,source=target
Accuracy floor,%,Deepseek-V3,Prefill,not_config_verifiable,>= 95% of FP16 baseline,ai_sheet_unverified,not derivable from config-only verification,unverified_source_value,source=target
Accuracy floor,%,Deepseek-V3,Decode,not_config_verifiable,>= 95% of FP16 baseline,ai_sheet_unverified,not derivable from config-only verification,unverified_source_value,source=target
Throughput target (per cycle),tokens/cycle,Nano-MoE-Jax,Prefill,not_config_verifiable,,ai_sheet_unverified,not derivable from config-only verification,missing_unverified_value,source=-
Throughput target (per cycle),tokens/cycle,Nano-MoE-Jax,Decode,not_config_verifiable,,ai_sheet_unverified,not derivable from config-only verification,missing_unverified_value,source=-
Throughput target (per cycle),tokens/cycle,OLMoE-1B-7B,Prefill,not_config_verifiable,,ai_sheet_unverified,not derivable from config-only verification,missing_unverified_value,source=-
Throughput target (per cycle),tokens/cycle,OLMoE-1B-7B,Decode,not_config_verifiable,,ai_sheet_unverified,not derivable from config-only verification,missing_unverified_value,source=-
Throughput target (per cycle),tokens/cycle,Deepseek-V3,Prefill,not_config_verifiable,,ai_sheet_unverified,not derivable from config-only verification,missing_unverified_value,source=-
Throughput target (per cycle),tokens/cycle,Deepseek-V3,Decode,not_config_verifiable,,ai_sheet_unverified,not derivable from config-only verification,missing_unverified_value,source=-
